entry_ts,exit_ts,symbol,side,exit_reason,lots,qty,entry_spot,exit_spot,premium_in,premium_out,capital,gross,cost,net,month
2025-12-29 14:10:00,2025-12-29 15:10:00,BANKNIFTY,long,TIME,4,120,58955.45,58927.65,474.00181799999996,455.45488200000216,56880.21816,-2225.632319999736,129.30049113613626,-2354.9328111358723,2025-12
2025-12-30 13:45:00,2025-12-30 15:10:00,BANKNIFTY,long,TIME,4,120,59053.35,59186.0,474.788934,536.0580410000007,56974.67208,7352.292840000084,139.3972460295581,7212.895593970526,2025-12
2025-12-30 14:30:00,2025-12-30 15:10:00,NIFTY,short,TIME,3,195,25916.65,25940.15,260.4623325,246.17941750000003,50790.1548375,-2785.168424999995,119.680766235865,-2904.84919123586,2025-12
2026-01-01 13:25:00,2026-01-01 15:10:00,BANKNIFTY,short,TIME,4,120,59633.6,59698.75,479.454144,442.2713309999993,57534.497279999996,-4461.937560000083,127.9467705098379,-4589.884330509921,2026-01
2026-01-02 14:35:00,2026-01-02 15:10:00,BANKNIFTY,short,TIME,4,120,60033.95,60123.8,482.67295799999994,433.16986699999705,57920.75495999999,-5940.370920000346,126.98312142802564,-6067.354041428372,2026-01
2026-01-05 14:05:00,2026-01-05 15:10:00,NIFTY,short,TIME,3,195,26224.2,26243.55,263.55321,251.30416500000075,51392.875949999994,-2388.5637749998496,120.98752937008388,-2509.5513043699334,2026-01
2026-01-06 11:20:00,2026-01-06 15:10:00,NIFTY,short,TIME,3,195,26156.1,26181.25,262.86880499999995,247.74106999999924,51259.41697499999,-2949.9083250001386,120.20593043053358,-3070.114255430672,2026-01
2026-01-08 10:05:00,2026-01-08 15:10:00,NIFTY,short,TIME,3,195,26065.9,25874.1,261.962295,354.7762050000014,51082.647525,18098.712450000283,141.8243494951303,17956.88810050515,2026-01
2026-01-08 14:30:00,2026-01-08 15:10:00,BANKNIFTY,short,TIME,4,120,59725.35,59682.4,480.19181399999997,496.7814109999985,57623.01768,1990.7516399998258,134.7859306176578,1855.965709382168,2026-01
2026-01-12 11:35:00,2026-01-12 12:05:00,NIFTY,short,SL,4,260,25475.65,25577.552600000003,256.0302825,202.7861739999994,66567.87345,-13843.468210000157,131.6004949329803,-13975.068704933137,2026-01
2026-01-12 11:35:00,2026-01-12 12:15:00,BANKNIFTY,short,SL,4,120,58916.7,59152.366799999996,473.69026799999995,351.7326990000005,56842.83215999999,-14634.908279999936,116.34514349408542,-14751.253423494021,2026-01
2026-01-13 14:25:00,2026-01-13 14:45:00,NIFTY,short,SL,3,195,25614.9,25717.3596,257.42974499999997,203.89460400000084,50198.800274999994,-10439.35249499983,110.84637126998153,-10550.198866269811,2026-01
2026-01-14 11:20:00,2026-01-14 13:45:00,NIFTY,long,SL,3,195,25747.75,25644.759,258.7648875,204.95208999999912,50459.153062499994,-10493.495512500169,111.1764690030669,-10604.671981503236,2026-01
2026-01-14 13:10:00,2026-01-14 14:20:00,BANKNIFTY,long,SL,3,90,59702.2,59463.3912,480.0056879999999,356.42213400000054,43200.51191999999,-11122.519859999942,99.75025976394537,-11222.270119763887,2026-01
2026-01-14 14:25:00,2026-01-14 14:40:00,NIFTY,short,SL,2,130,25610.85,25713.2934,257.38904249999996,203.86236599999992,33460.57552499999,-6958.467945000005,89.62420538149804,-7048.0921503815025,2026-01
2026-01-16 13:30:00,2026-01-16 15:10:00,BANKNIFTY,long,TIME,3,90,60033.8,60104.0,482.671752,512.7935479999986,43440.45768,2710.9616399998736,114.48672994571788,2596.4749100541558,2026-01
2026-01-19 13:50:00,2026-01-19 15:10:00,NIFTY,long,TIME,2,130,25574.8,25571.7,257.02673999999996,252.9270100000007,33413.4762,-532.9648999999031,96.2338356628251,-629.1987356627282,2026-01
2026-01-20 14:10:00,2026-01-20 15:10:00,BANKNIFTY,short,TIME,3,90,59516.85,59366.5,478.5154739999999,548.5532509999994,43066.39265999999,6303.39992999995,117.66605376497343,6185.733876234976,2026-01
2026-01-21 13:05:00,2026-01-21 13:10:00,BANKNIFTY,long,SL,3,90,59215.3,58978.4388,476.091012,353.5153410000004,42848.19108,-11031.810389999964,99.32168725775522,-11131.13207725772,2026-01
2026-01-22 14:35:00,2026-01-22 15:10:00,BANKNIFTY,long,TIME,3,90,59213.45,59272.9,476.07613799999996,500.91543700000216,42846.852419999996,2235.536910000198,113.1115592034447,2122.4253507967533,2026-01
2026-01-23 11:50:00,2026-01-23 13:25:00,BANKNIFTY,short,SL,3,90,58934.55,58778.35765,473.833782,546.8247121250024,42645.04038,6569.183711250218,117.3170296067566,6451.866681643462,2026-01
2026-01-23 11:40:00,2026-01-23 15:10:00,NIFTY,short,TGT,2,130,25229.7,25027.8624,253.558485,351.4497209999995,32962.60305,12725.860679999936,109.34770923933046,12616.512970760607,2026-01
2026-01-23 14:25:00,2026-01-23 15:10:00,BANKNIFTY,short,TIME,3,90,58457.6,58406.1,469.99910399999993,490.943746,42299.91935999999,1885.017780000004,111.93549679767098,1773.082283202333,2026-01
2026-01-27 13:40:00,2026-01-27 14:45:00,NIFTY,short,SL,3,195,25033.6,25133.734399999998,251.58767999999995,199.26745600000046,49059.597599999994,-10202.4436799999,109.40199180259177,-10311.845671802492,2026-01
2026-01-27 13:30:00,2026-01-27 15:10:00,BANKNIFTY,long,TGT,3,90,58799.65,59270.0472,472.74918599999995,702.0678209999998,42547.426739999995,20638.67714999998,131.7978811196264,20506.879268880355,2026-01
2026-01-28 13:25:00,2026-01-28 15:10:00,BANKNIFTY,short,TIME,3,90,59408.0,59597.7,477.64032,378.5119300000015,42987.6288,-8921.555099999863,101.72230443863512,-9023.277404438499,2026-01
2026-01-29 13:05:00,2026-01-29 15:10:00,NIFTY,long,TIME,3,195,25351.65,25421.55,254.78408249999998,287.0241674999989,49682.8960875,6286.816574999788,127.46815581225981,6159.348419187528,2026-01
2026-01-30 11:25:00,2026-01-30 13:10:00,BANKNIFTY,long,SL,3,90,59778.75,59539.635,480.62114999999994,356.87913750000104,43255.90349999999,-11136.781124999901,99.81763956544236,-11236.598764565344,2026-01
2026-01-30 13:10:00,2026-01-30 13:50:00,NIFTY,short,SL,3,195,25243.9,25344.875600000003,253.70119499999998,200.94144399999922,49471.733024999994,-10288.151445000149,109.92453266271892,-10398.075977662867,2026-01
2026-02-01 11:30:00,2026-02-01 11:35:00,BANKNIFTY,long,SL,3,90,59761.15,59522.1054,480.47964599999995,356.77406549999944,43243.168139999994,-11133.502245000045,99.80214793243964,-11233.304392932485,2026-02
2026-02-01 11:45:00,2026-02-01 12:05:00,NIFTY,short,SL,2,130,25311.45,25279.010199999997,254.38007249999998,267.9877280000019,33069.409425,1768.9952150002466,98.11618297837097,1670.8790320218757,2026-02
2026-02-01 11:55:00,2026-02-01 12:10:00,BANKNIFTY,short,SL,3,90,59347.9,59242.746649999994,477.157116,524.723075625004,42944.140439999996,4280.936366250358,115.38220351906361,4165.554162731295,2026-02
2026-02-02 13:40:00,2026-02-02 15:10:00,NIFTY,long,TIME,2,130,24912.65,25097.0,250.3721325,339.5949924999993,32548.377225,11598.97179999991,107.5615306426924,11491.410269357219,2026-02
2026-02-02 13:45:00,2026-02-02 15:10:00,BANKNIFTY,long,TIME,3,90,58316.65,58632.9,468.865866,621.5349090000001,42197.92794,13740.213870000009,124.10801400719652,13616.105855992811,2026-02
2026-02-03 13:30:00,2026-02-03 15:10:00,NIFTY,short,TIME,3,195,25771.7,25741.3,259.00558499999994,271.55241500000074,50506.08907499999,2446.6318500001553,124.69782759491517,2321.9340224052403,2026-02
2026-02-03 13:40:00,2026-02-03 15:10:00,BANKNIFTY,long,TIME,3,90,60138.6,60082.7,483.51434399999994,450.8930059999993,43516.29095999999,-2935.9204200000595,108.72914579454094,-3044.6495657946,2026-02
2026-02-04 14:15:00,2026-02-04 15:10:00,BANKNIFTY,long,TIME,3,90,60325.45,60231.95,485.01661799999994,433.674332,43651.495619999994,-4620.805739999995,107.178303127657,-4727.9840431276525,2026-02
2026-02-04 14:15:00,2026-02-04 15:10:00,NIFTY,long,TIME,3,195,25789.95,25768.95,259.18899749999997,246.1625025,50541.854512499995,-2540.1665249999965,119.5669594742575,-2659.733484474254,2026-02
2026-02-05 11:50:00,2026-02-05 15:10:00,NIFTY,short,TIME,3,195,25634.9,25629.25,257.63074500000005,257.8781300000008,50237.99527500001,48.24007500014574,121.80674836990391,-73.56667336975818,2026-02
2026-02-05 13:30:00,2026-02-05 15:10:00,BANKNIFTY,short,TIME,3,90,59980.25,60038.65,482.2412099999999,448.38878999999923,43401.70889999999,-3046.717800000061,108.44392058229992,-3155.161720582361,2026-02
2026-02-10 13:20:00,2026-02-10 15:10:00,BANKNIFTY,short,TIME,3,90,60699.45,60594.4,488.02357799999993,535.4299969999978,43922.122019999995,4266.577709999809,116.8186683751643,4149.759041624644,2026-02
2026-02-11 11:10:00,2026-02-11 15:10:00,NIFTY,short,TIME,3,195,25941.9,25955.25,260.716095,251.48028000000076,50839.638525,-1800.9839249998508,120.7772966430289,-1921.7612216428797,2026-02
2026-02-12 13:50:00,2026-02-12 15:10:00,NIFTY,short,TIME,3,195,25817.75,25810.55,259.4683875,260.46861250000035,50596.335562500004,195.04387500006658,122.49115726512257,72.55271773494401,2026-02
2026-02-16 14:35:00,2026-02-16 15:10:00,NIFTY,long,TIME,3,195,25647.55,25680.95,257.7578775,271.8096225000007,50262.7861125,2740.0902750001405,124.64180946433764,2615.448465535803,2026-02
2026-02-17 10:30:00,2026-02-17 15:10:00,BANKNIFTY,long,TIME,3,90,61088.45,61174.3,491.15113799999995,528.9744370000028,44203.602419999996,3404.0969100002576,116.33982631348474,3287.757083686773,2026-02
2026-02-17 11:35:00,2026-02-17 15:10:00,NIFTY,long,TIME,3,195,25721.2,25720.35,258.49805999999995,255.5030649999989,50407.12169999999,-584.0240250002029,121.40048345627102,-705.4245084564739,2026-02
2026-02-18 13:55:00,2026-02-18 14:55:00,NIFTY,short,SL,3,195,25699.2,25801.9968,258.27696,204.565632,50364.00719999999,-10473.708959999996,111.05583486726496,-10584.764794867262,2026-02
2026-02-19 10:40:00,2026-02-19 14:55:00,BANKNIFTY,short,TGT,3,90,61290.3,60799.977600000006,492.77401199999997,731.8061819999987,44349.66108,21512.895299999884,135.38129892246351,21377.51400107742,2026-02
2026-02-19 13:35:00,2026-02-19 15:10:00,NIFTY,short,TIME,2,130,25591.05,25410.15,257.1900525,344.62869749999885,33434.706824999994,11367.023849999854,108.63578625924985,11258.388063740604,2026-02
2026-02-20 11:20:00,2026-02-20 15:10:00,BANKNIFTY,long,TIME,4,120,61157.15,61135.8,491.70348599999994,476.1892890000007,59004.41831999999,-1861.7036399999074,132.8312648556221,-1994.5349048555295,2026-02
2026-02-20 14:20:00,2026-02-20 15:10:00,NIFTY,long,TIME,3,195,25630.5,25554.45,257.586525,217.18860000000038,50229.372375,-7877.595374999925,113.55477597126632,-7991.150150971192,2026-02
2026-02-23 14:35:00,2026-02-23 15:10:00,NIFTY,long,TIME,3,195,25695.0,25716.25,258.23474999999996,266.237125,50355.776249999995,1560.4631250000057,123.55355062196874,1436.909574378037,2026-02
2026-02-24 11:55:00,2026-02-24 13:50:00,BANKNIFTY,short,SL,3,90,61234.5,60984.255549999994,492.32538,611.9232338750028,44309.2842,10763.80684875025,124.14733397283435,10639.659514777415,2026-02
2026-02-24 13:35:00,2026-02-24 14:05:00,NIFTY,short,SL,3,195,25339.85,25441.2094,254.66549249999997,201.70520599999938,49659.771037499995,-10327.255867500115,110.16294348311469,-10437.418810983228,2026-02
2026-02-24 14:25:00,2026-02-24 15:10:00,NIFTY,short,TIME,3,195,25406.45,25435.55,255.33482249999997,238.31692750000073,49790.2903875,-3318.489524999852,117.64249398491515,-3436.1320189847675,2026-02
2026-02-24 14:25:00,2026-02-24 15:10:00,BANKNIFTY,short,TIME,3,90,61056.5,61045.4,490.89426,491.53198999999927,44180.4834,57.39569999993648,112.82650642007494,-55.43080642013845,2026-02
2026-02-25 11:50:00,2026-02-25 12:30:00,NIFTY,long,SL,3,195,25618.25,25515.777,257.4634125,203.9212699999991,50205.365437500004,-10440.717787500174,110.85469514958854,-10551.572482649763,2026-02
2026-02-25 14:05:00,2026-02-25 15:10:00,NIFTY,short,TIME,3,195,25445.3,25481.4,255.72526499999998,235.2209849999989,49866.426674999995,-3998.3346000002093,117.04876334263726,-4115.383363342847,2026-02
2026-02-26 11:45:00,2026-02-26 15:10:00,NIFTY,short,TIME,3,195,25460.35,25496.1,255.87651749999998,235.5448575,49895.9209125,-3964.6736999999944,117.12752644671625,-4081.8012264467106,2026-02
2026-02-27 11:35:00,2026-02-27 14:55:00,NIFTY,short,SL,3,195,25284.55,25254.135799999996,254.10972749999996,266.71233700000147,49551.39686249999,2457.508852500294,123.29230644641167,2334.216546053882,2026-02
2026-02-27 14:00:00,2026-02-27 14:55:00,BANKNIFTY,long,SL,3,90,60839.2,60595.843199999996,489.1471679999999,363.2100239999993,44023.24511999999,-11334.342960000055,100.75105446416745,-11435.094014464223,2026-02
2026-03-02 14:00:00,2026-03-02 13:55:00,NIFTY,short,SL,2,130,24612.6,24711.0504,247.35662999999997,195.91629599999925,32156.361899999996,-6687.2434200000935,87.97061079084281,-6775.214030790937,2026-03
2026-03-02 13:55:00,2026-03-02 14:00:00,BANKNIFTY,short,SL,3,90,59448.45,59686.2438,477.965538,354.90724650000027,43016.89842,-11075.246234999973,99.52690738471809,-11174.77314238469,2026-03
2026-03-04 13:15:00,2026-03-04 14:20:00,BANKNIFTY,long,SL,2,60,58737.35,58857.64575,472.24829399999993,527.3964416250024,28334.897639999996,3308.8888575001456,92.6906173403921,3216.1982401597534,2026-03
2026-03-04 13:15:00,2026-03-04 14:55:00,NIFTY,long,SL,2,130,24461.45,24528.64265,245.8375725,276.8197708750005,31958.884425,4027.6857887500623,98.81607400956341,3928.869714740499,2026-03
2026-03-05 11:10:00,2026-03-05 11:25:00,BANKNIFTY,long,SL,3,90,59111.9,58875.4524,475.259676,352.8980430000003,42773.37084,-11012.546969999972,99.23067391386516,-11111.777643913838,2026-03
2026-03-05 11:40:00,2026-03-05 14:35:00,NIFTY,short,SL,2,130,24603.95,24702.3658,247.26969749999998,195.84744200000057,32145.060674999997,-6684.893214999923,87.95628212246417,-6772.849497122387,2026-03
2026-03-05 13:55:00,2026-03-05 14:35:00,BANKNIFTY,short,SL,2,60,58586.95,58821.2978,471.03907799999996,349.7640914999984,28262.34468,-7276.499190000093,81.57907303558068,-7358.078263035673,2026-03
2026-03-06 14:00:00,2026-03-06 14:40:00,NIFTY,short,SL,2,130,24555.7,24518.686049999997,246.784785,262.7436551250021,32082.02205,2074.65311625027,96.9685747522475,1977.6845414980226,2026-03
2026-03-06 14:30:00,2026-03-06 14:40:00,BANKNIFTY,short,SL,2,60,58230.9,58044.66314999999,468.17643599999997,556.1707968750043,28090.58616,5279.661652500258,94.37672781756908,5185.284924682689,2026-03
2026-03-09 13:30:00,2026-03-09 14:40:00,BANKNIFTY,long,SL,2,60,55726.85,55803.83475,448.04387399999996,481.8856391250016,26882.632439999998,2030.5059075000986,89.20643448801313,1941.2994730120854,2026-03
2026-03-09 13:35:00,2026-03-09 14:40:00,NIFTY,long,SL,2,130,23911.35,23945.0487,240.30906749999997,254.68303575000039,31240.178774999997,1868.6158725000541,95.50503936666017,1773.110833133394,2026-03
2026-03-10 11:25:00,2026-03-10 15:10:00,NIFTY,long,TIME,2,130,24233.4,24274.25,243.54567,261.44520499999936,31660.9371,2326.939549999917,96.6059163782924,2230.3336336216244,2026-03
2026-03-10 13:40:00,2026-03-10 15:10:00,BANKNIFTY,long,TIME,2,60,56925.85,56975.5,457.68383399999993,477.8306410000007,27461.030039999998,1208.8084200000458,89.21063338147906,1119.5977866185667,2026-03
2026-03-11 11:25:00,2026-03-11 14:20:00,BANKNIFTY,short,SL,2,60,56118.9,56012.635299999994,451.19595599999997,499.5731322500035,27071.75736,2902.630575000211,90.39371197389275,2812.2368630263186,2026-03
2026-03-11 13:15:00,2026-03-11 15:10:00,NIFTY,short,TIME,2,130,23930.7,23874.55,240.503535,266.04509000000076,31265.45955,3320.402150000098,97.0517389520476,3223.3504110480503,2026-03
2026-03-12 13:25:00,2026-03-12 13:40:00,BANKNIFTY,long,SL,3,90,55331.4,55470.03915,444.86445599999996,509.41092112499774,40037.80104,5809.1818612498,112.65766137078316,5696.524199879017,2026-03
2026-03-12 13:30:00,2026-03-12 14:35:00,NIFTY,long,SL,2,130,23765.25,23670.189,238.84076249999998,189.17138999999926,31049.299124999998,-6457.018425000094,86.56698106242645,-6543.585406062521,2026-03
2026-03-12 14:15:00,2026-03-12 14:40:00,BANKNIFTY,long,SL,3,90,55368.3,55146.8268,445.161132,330.54875099999987,40064.50188,-10315.114290000012,95.93553315770698,-10411.049823157718,2026-03
2026-03-13 12:00:00,2026-03-13 13:05:00,NIFTY,short,TGT,2,130,23363.1,23176.1952,234.79915499999998,325.4479830000001,30523.89015,11784.347640000013,104.74975864672999,11679.597881353282,2026-03
2026-03-13 13:15:00,2026-03-13 14:25:00,BANKNIFTY,short,SL,3,90,53826.15,54041.454600000005,432.762246,321.3421154999985,38948.60214,-10027.811745000135,94.57812282617856,-10122.389867826314,2026-03
2026-03-16 13:45:00,2026-03-16 14:10:00,BANKNIFTY,short,SL,2,60,53608.75,53823.185,431.01435,320.04423750000115,25860.860999999997,-6658.20674999993,78.65784396689358,-6736.864593966824,2026-03
2026-03-16 13:45:00,2026-03-16 14:10:00,NIFTY,short,SL,2,130,23107.45,23199.879800000002,232.22987249999997,183.93530199999915,30189.883424999996,-6278.294165000106,85.47733966825369,-6363.77150466836,2026-03
2026-03-16 14:25:00,2026-03-16 14:30:00,BANKNIFTY,long,SL,2,60,54157.15,54269.9004,435.42348599999997,487.18423799999863,26125.40916,3105.6451199999196,89.2003074154369,3016.444812584483,2026-03
2026-03-16 14:25:00,2026-03-16 14:55:00,NIFTY,long,SL,2,130,23339.7,23431.494,234.563985,277.89752999999905,30493.31805,5633.360849999876,98.31022766967118,5535.050622330205,2026-03
2026-03-17 11:30:00,2026-03-17 12:40:00,NIFTY,short,SL,2,130,23385.25,23478.791,235.02176249999997,186.14658999999946,30552.829124999997,-6353.772425000066,85.93751354983047,-6439.709938549896,2026-03
2026-03-17 13:05:00,2026-03-17 14:10:00,BANKNIFTY,long,SL,2,60,54515.65,54635.550149999995,438.30582599999997,493.59489862499703,26298.34956,3317.3443574998237,89.6770312841393,3227.667326215684,2026-03
2026-03-17 13:05:00,2026-03-17 14:15:00,NIFTY,long,SL,2,130,23504.9,23538.12315,236.22424499999997,250.402272124999,30709.151849999995,1843.1435262498744,94.69047993014244,1748.453046319732,2026-03
2026-03-17 14:35:00,2026-03-17 15:10:00,NIFTY,long,TIME,2,130,23580.3,23563.0,236.98201499999996,226.01723500000037,30807.661949999994,-1425.421399999947,91.43889124518505,-1516.860291245132,2026-03
2026-03-18 11:40:00,2026-03-18 14:25:00,BANKNIFTY,long,SL,2,60,55253.3,55387.48755,444.23653199999995,506.5745741249976,26654.191919999997,3740.2825274998577,90.6447841512726,3649.637743348585,2026-03
2026-03-18 13:05:00,2026-03-18 15:10:00,NIFTY,long,TIME,2,130,23796.45,23766.8,239.15432249999998,222.02380249999928,31090.061924999998,-2226.967600000091,91.02475748381241,-2317.992357483903,2026-03
2026-03-19 13:15:00,2026-03-19 14:50:00,NIFTY,short,SL,2,130,23200.35,23016.392649999998,233.16351749999998,322.3622641250003,30311.257274999996,11595.837061250042,104.2382338452242,11491.598827404818,2026-03
2026-03-19 14:05:00,2026-03-19 14:50:00,BANKNIFTY,short,SL,2,60,53762.45,53434.47394999999,432.250098,591.1171868750024,25935.005879999997,9532.025332500145,95.59817672831504,9436.42715577183,2026-03
2026-03-20 14:15:00,2026-03-20 14:55:00,NIFTY,short,SL,2,130,23200.05,23136.802799999998,233.16050249999995,262.3059795000008,30310.865324999995,3788.9120100001073,96.12208813854554,3692.7899218615617,2026-03
2026-03-20 14:25:00,2026-03-20 14:55:00,BANKNIFTY,short,SL,3,90,53617.4,53525.04484999999,431.083896,472.7411911250052,38797.55064,3749.1565612504673,108.67557909994645,3640.480982150521,2026-03
2026-03-23 14:05:00,2026-03-23 14:25:00,BANKNIFTY,long,SL,3,90,51992.25,51784.281,418.01768999999996,310.3937325000013,37621.592099999994,-9686.156174999878,92.96391227144046,-9779.120087271318,2026-03
2026-03-23 13:50:00,2026-03-23 14:55:00,NIFTY,long,SL,3,195,22597.95,22507.5582,227.10939749999997,179.87968199999938,44286.3325125,-9209.794522500117,103.3500343800082,-9313.144556880125,2026-03
2026-03-24 11:25:00,2026-03-24 11:45:00,NIFTY,short,SL,2,130,22703.25,22794.063,228.16766249999998,180.71787000000086,29661.796124999997,-6168.473024999886,84.80778501406627,-6253.280810013952,2026-03
2026-03-24 11:25:00,2026-03-24 11:50:00,BANKNIFTY,short,SL,3,90,51948.6,52156.3944,417.66674399999994,310.13314200000053,37590.00695999999,-9678.024179999946,92.9254912611812,-9770.949671261127,2026-03
2026-03-25 11:50:00,2026-03-25 12:25:00,BANKNIFTY,long,SL,2,60,53901.0,53983.71155,433.36404,470.200956125,26001.842399999998,2210.214967500001,88.08609585290836,2122.1288716470926,2026-03
2026-03-25 11:10:00,2026-03-25 14:15:00,NIFTY,long,SL,2,130,23418.35,23324.6766,235.35441749999995,186.41006600000014,30596.074274999995,-6362.7656949999755,85.99234348316457,-6448.75803848314,2026-03
2026-03-25 14:25:00,2026-03-25 15:10:00,BANKNIFTY,short,TIME,2,60,53757.85,53666.85,432.21311399999996,473.184986,25932.786839999997,2458.312320000001,88.241518339324,2370.070801660677,2026-03
2026-03-27 14:20:00,2026-03-27 15:10:00,BANKNIFTY,short,TIME,2,60,52443.5,52276.45,421.64573999999993,500.5576350000014,25298.744399999996,4734.713700000089,89.66695287563508,4645.046747124455,2026-03
2026-03-27 14:35:00,2026-03-27 15:10:00,NIFTY,short,TIME,2,130,22858.7,22820.35,229.72993499999998,246.5231900000011,29864.891549999997,2183.1231500001463,93.79096061343765,2089.3321893867087,2026-03
2026-03-30 11:50:00,2026-03-30 11:55:00,NIFTY,short,SL,2,130,22465.05,22554.9102,225.77375249999997,178.8217980000004,29350.587824999995,-6103.754084999944,84.41320827327576,-6188.16729327322,2026-03
2026-03-30 14:25:00,2026-03-30 14:55:00,BANKNIFTY,short,SL,2,60,50474.15,50255.565749999994,405.812166,510.5198983750036,24348.72996,6282.463942500217,89.8660058462803,6192.597936653937,2026-03
2026-03-30 13:55:00,2026-03-30 15:10:00,NIFTY,short,SL,2,130,22420.95,22350.701549999994,225.3305475,258.03705637500326,29292.971175,4251.8461537504245,95.0926997853327,4156.7534539650915,2026-03
2026-04-01 11:50:00,2026-04-01 12:05:00,NIFTY,short,SL,2,130,22751.95,22842.9578,228.6570975,181.10552200000032,29725.422674999998,-6181.704814999957,84.88845624528572,-6266.593271245243,2026-04
2026-04-01 13:45:00,2026-04-01 14:00:00,BANKNIFTY,short,SL,2,60,51472.4,51678.289600000004,413.83809599999995,307.2902279999989,24830.28576,-6392.872080000065,77.40422464246087,-6470.276304642525,2026-04
2026-04-01 13:45:00,2026-04-01 15:10:00,NIFTY,short,TIME,2,130,22674.85,22681.1,227.88224249999996,222.50538249999997,29624.691524999995,-698.9917999999991,90.4384309603025,-789.4302309603016,2026-04
2026-04-02 12:00:00,2026-04-02 13:00:00,BANKNIFTY,long,SL,2,60,50192.8,50377.56255,403.550112,491.4540566249998,24213.00672,5274.236677499986,88.61649680724523,5185.620180692741,2026-04
2026-04-02 13:25:00,2026-04-02 13:30:00,BANKNIFTY,long,SL,2,60,50576.1,50715.84465,406.63184399999994,472.10871937500025,24397.91064,3928.6125225000183,87.49208473764804,3841.1204377623703,2026-04
2026-04-02 13:25:00,2026-04-02 13:50:00,NIFTY,long,SL,2,130,22439.75,22493.86535,225.5194875,250.19789912500002,29317.533375,3208.193511250003,94.04423935429327,3114.1492718957097,2026-04
2026-04-02 14:15:00,2026-04-02 14:25:00,BANKNIFTY,long,SL,2,60,51170.45,51227.40535,411.41041799999994,435.65206862500185,24684.625079999998,1454.4990375001146,85.34566337567409,1369.1533741244405,2026-04
2026-04-02 14:15:00,2026-04-02 15:10:00,NIFTY,long,TIME,2,130,22625.85,22717.65,227.38979249999997,270.7977075000015,29560.673024999996,5643.028950000196,96.93616935137518,5546.092780648821,2026-04
2026-04-06 13:15:00,2026-04-06 14:20:00,BANKNIFTY,long,SL,3,90,52224.2,52321.961800000005,419.88256799999994,464.3411275000037,37789.431119999994,4001.2703550003407,107.44154204061107,3893.8288129597295,2026-04
2026-04-06 13:15:00,2026-04-06 15:10:00,NIFTY,long,TIME,2,130,22861.3,22970.9,229.75606499999998,281.9959350000011,29868.288449999996,6791.1831000001475,98.58623683609015,6692.596863164057,2026-04
2026-04-07 13:15:00,2026-04-07 13:25:00,NIFTY,long,SL,2,130,22941.65,22976.2638,230.5635825,245.4897829999996,29973.265725,1940.4060649999474,93.69948259634296,1846.7065824036044,2026-04
2026-04-07 13:15:00,2026-04-07 13:25:00,BANKNIFTY,long,SL,3,90,52162.15,52281.93225,419.383686,474.8023833749983,37744.53174,4987.682763749848,108.40031754445025,4879.282446205398,2026-04
2026-04-07 13:40:00,2026-04-07 15:10:00,BANKNIFTY,long,TIME,3,90,52473.5,52697.25,421.88694,529.004685,37969.8246,9640.59705,113.5715300682475,9527.025519931753,2026-04
2026-04-07 14:35:00,2026-04-07 15:10:00,NIFTY,long,TIME,2,130,23036.05,23123.45,231.51230249999998,272.69019750000075,30096.599324999996,5353.1263500001005,97.43015681417509,5255.696193185925,2026-04
2026-04-08 14:20:00,2026-04-08 14:55:00,BANKNIFTY,long,SL,3,90,55478.95,55586.98725,446.0507579999999,495.3609738750006,40144.568219999994,4437.9194287500595,111.39063720456524,4326.528791545495,2026-04
2026-04-09 13:15:00,2026-04-09 14:55:00,BANKNIFTY,short,SL,3,90,54959.45,54790.73054999999,441.8739779999999,521.4151483750021,39768.658019999995,7158.7053337501975,113.66111036084003,7045.044223389357,2026-04
2026-04-09 14:35:00,2026-04-09 14:55:00,NIFTY,short,SL,3,195,23697.2,23791.9888,238.15686,188.62971200000078,46440.5877,-9657.793859999847,106.08138502430252,-9763.87524502415,2026-04
2026-04-10 14:00:00,2026-04-10 14:10:00,BANKNIFTY,long,SL,3,90,55926.0,55702.296,449.64504,333.8782200000011,40468.0536,-10419.013799999902,96.42642427847571,-10515.440224278378,2026-04
2026-04-10 11:35:00,2026-04-10 15:10:00,NIFTY,long,TIME,3,195,24004.3,24055.1,241.243215,264.1157849999996,47042.426925,4460.151149999927,121.65063920729492,4338.500510792632,2026-04
2026-04-13 13:35:00,2026-04-13 14:00:00,BANKNIFTY,long,SL,3,90,55512.2,55585.39205,446.31808799999993,478.29015687500254,40168.62791999999,2877.4861987502345,109.80422003811017,2767.6819787121244,2026-04
2026-04-13 13:35:00,2026-04-13 15:10:00,NIFTY,long,TIME,3,195,23845.95,23825.6,239.6517975,227.14307749999892,46732.100512499994,-2439.200400000207,114.01798319477103,-2553.2183831949783,2026-04
2026-04-15 13:25:00,2026-04-15 15:10:00,NIFTY,short,TIME,3,195,24197.25,24223.0,243.18236249999998,227.9520125,47420.560687499994,-2969.9182499999974,114.48800566028125,-3084.4062556602785,2026-04
2026-04-15 13:25:00,2026-04-15 15:10:00,BANKNIFTY,short,TIME,3,90,56257.0,56271.4,452.30627999999996,440.6417199999993,40707.5652,-1049.8104000000608,106.52148126687993,-1156.3318812669406,2026-04
2026-04-16 11:25:00,2026-04-16 13:15:00,NIFTY,short,TGT,2,130,24298.8,24104.4096,244.20293999999998,338.4822840000001,31746.382199999996,12256.314720000017,107.05464580493009,12149.260074195086,2026-04
2026-04-16 14:05:00,2026-04-16 14:35:00,BANKNIFTY,short,SL,3,90,56053.75,56277.965000000004,450.67214999999993,334.64088749999814,40560.4935,-10442.81362500016,96.53887064870707,-10539.352495648867,2026-04
2026-04-17 11:55:00,2026-04-17 15:10:00,BANKNIFTY,long,TIME,3,90,56346.7,56585.95,453.02746799999994,567.546607,40772.47211999999,10306.722510000005,118.42330963189451,10188.29920036811,2026-04
2026-04-20 13:10:00,2026-04-20 13:35:00,BANKNIFTY,short,SL,3,90,56781.45,56675.26725,456.5228579999999,504.80626012499994,41087.057219999995,4345.5061912500005,112.69328826738584,4232.812902982615,2026-04
2026-04-20 13:25:00,2026-04-20 15:10:00,NIFTY,short,TIME,3,195,24391.2,24325.15,245.13155999999998,275.5523149999997,47800.6542,5932.047224999942,124.30598605727866,5807.741238942664,2026-04
2026-04-21 14:25:00,2026-04-21 15:10:00,NIFTY,long,TIME,3,195,24576.45,24580.25,246.9933225,246.42617749999965,48163.6978875,-110.59327500006859,118.56323732697241,-229.156512327041,2026-04
2026-04-22 14:00:00,2026-04-22 15:10:00,NIFTY,long,TIME,3,195,24449.85,24378.45,245.72099249999997,207.75450750000107,47915.59353749999,-7403.464574999785,110.61384592650272,-7514.078420926288,2026-04
2026-04-23 13:20:00,2026-04-23 15:10:00,NIFTY,long,TIME,3,195,24244.0,24159.7,243.65219999999997,199.28855000000036,47512.179,-8650.911749999923,108.71838756904756,-8759.63013756897,2026-04
2026-04-24 13:35:00,2026-04-24 14:30:00,BANKNIFTY,short,SL,3,90,55888.3,56111.853200000005,449.341932,333.65315099999896,40440.77388,-10411.990290000093,96.39324049641888,-10508.38353049651,2026-04
2026-04-27 11:40:00,2026-04-27 12:30:00,NIFTY,short,SL,2,130,23990.0,24085.96,241.09949999999998,190.96040000000045,31342.934999999998,-6518.082999999939,86.93927796625806,-6605.022277966197,2026-04
2026-04-27 13:35:00,2026-04-27 15:10:00,BANKNIFTY,long,TIME,3,90,56393.8,56257.65,453.406152,381.16002299999934,40806.553680000005,-6502.151610000061,101.00049283502045,-6603.152102835082,2026-04
2026-04-28 11:30:00,2026-04-28 15:10:00,BANKNIFTY,short,TGT,3,90,55747.0,55301.024,448.20588,665.6191800000012,40338.5292,19567.197000000106,127.40588691898371,19439.791113081123,2026-04
2026-04-28 13:30:00,2026-04-28 15:10:00,NIFTY,short,TIME,2,130,24021.05,23968.45,241.41155249999997,265.1779474999993,31383.501824999996,3089.6313499999096,96.98702762221491,2992.6443223776946,2026-04
2026-04-29 10:05:00,2026-04-29 12:35:00,BANKNIFTY,long,TGT,3,90,55721.75,56167.524,448.00287,665.3176949999988,40320.258299999994,19558.334249999898,127.3695585310038,19430.964691468893,2026-04
2026-04-29 14:05:00,2026-04-29 14:15:00,BANKNIFTY,short,SL,4,120,55709.5,55618.20554999999,447.90437999999995,488.8666088750042,53748.52559999999,4915.467465000511,132.07626244590264,4783.391202554608,2026-04
2026-04-29 14:05:00,2026-04-29 15:10:00,NIFTY,short,TIME,3,195,24205.5,24158.1,243.26527499999997,264.4262250000007,47436.728624999996,4126.385250000147,121.88884874152015,4004.4964012586265,2026-04
2026-04-30 13:45:00,2026-04-30 15:00:00,BANKNIFTY,long,SL,4,120,55069.4,54849.1224,442.757976,328.7643179999994,53130.95712,-13679.238960000073,111.82991927811942,-13791.068879278193,2026-04
2026-04-30 13:45:00,2026-04-30 15:10:00,NIFTY,long,TIME,3,195,24029.05,24004.1,241.4919525,226.67642249999963,47090.9307375,-2889.028350000071,114.08290020095117,-3003.1112502010224,2026-04
2026-05-04 14:35:00,2026-05-04 15:10:00,BANKNIFTY,short,TIME,3,90,54867.6,54916.85,441.13550399999997,412.24422100000004,39702.19536,-2600.2154699999937,103.4177452751335,-2703.6332152751274,2026-05
2026-05-05 11:10:00,2026-05-05 12:55:00,NIFTY,short,SL,3,195,23927.45,24023.1598,240.47087249999998,190.46250199999974,46891.8201375,-9751.632247500047,106.65349645104664,-9858.285743951094,2026-05
2026-05-05 13:10:00,2026-05-05 14:55:00,BANKNIFTY,long,SL,3,90,54761.55,54542.503800000006,440.282862,326.9264535000015,39625.45758,-10202.076764999865,95.40146791200809,-10297.478232911873,2026-05
2026-05-05 13:10:00,2026-05-05 15:10:00,NIFTY,long,TIME,3,195,24066.35,24050.45,241.86681749999997,231.5499325000011,47164.02941249999,-2011.792574999781,115.1033000194902,-2126.895875019271,2026-05
2026-05-06 10:45:00,2026-05-06 11:10:00,BANKNIFTY,long,SL,3,90,55154.9,54934.2804,443.445396,329.27475300000094,39910.085640000005,-10275.357869999916,95.74769710755103,-10371.105567107466,2026-05
2026-05-06 13:05:00,2026-05-06 13:15:00,BANKNIFTY,short,SL,3,90,54599.0,54817.396,438.97596,325.9560299999997,39507.8364,-10171.793700000024,95.25839035833937,-10267.052090358364,2026-05
2026-05-06 11:40:00,2026-05-06 14:15:00,NIFTY,short,SL,2,130,24076.8,24173.1072,241.97184,191.65132800000035,31456.3392,-6541.666559999953,87.08306159808262,-6628.749621598035,2026-05
2026-05-06 14:20:00,2026-05-06 14:15:00,BANKNIFTY,long,SL,2,60,55135.2,55413.1603,443.28700799999996,577.161441250003,26597.220479999996,8032.465995000183,95.02210530895915,7937.443889691224,2026-05
2026-05-06 14:30:00,2026-05-06 15:10:00,NIFTY,long,TIME,2,130,24314.7,24330.65,244.362735,249.8663900000004,31767.15555,715.475150000053,95.08837974735755,620.3867702526954,2026-05
2026-05-06 14:30:00,2026-05-06 15:10:00,BANKNIFTY,long,TIME,2,60,55761.1,56016.1,448.31924399999997,570.720856,26899.154639999997,7344.096720000003,94.754612868004,7249.342107131999,2026-05
2026-05-08 14:00:00,2026-05-08 14:35:00,NIFTY,short,SL,2,130,24139.15,24235.7066,242.5984575,192.14763400000007,31537.799475,-6558.60705499999,87.18634396495193,-6645.793398964943,2026-05
2026-05-08 14:00:00,2026-05-08 15:10:00,BANKNIFTY,short,TIME,2,60,55263.55,55297.4,444.318942,423.05748300000073,26659.13652,-1275.6875399999558,85.43785084575705,-1361.125390845713,2026-05
2026-05-11 13:10:00,2026-05-11 13:10:00,BANKNIFTY,long,SL,2,60,54985.65,54765.7074,442.08462599999996,328.26433049999895,26525.077559999998,-6829.21773000006,79.4658147805762,-6908.683544780636,2026-05
2026-05-11 13:10:00,2026-05-11 14:55:00,NIFTY,long,SL,2,130,23939.2,23843.4432,240.58896,190.5560320000004,31276.564799999996,-6504.2806399999445,86.85512809878469,-6591.135768098729,2026-05
2026-05-12 14:10:00,2026-05-12 15:10:00,BANKNIFTY,short,TIME,2,60,53617.25,53608.2,431.08268999999996,431.2956850000014,25864.961399999997,12.77970000008736,85.59864646763509,-72.81894646754773,2026-05
2026-05-12 14:35:00,2026-05-12 15:10:00,NIFTY,short,TIME,2,130,23439.2,23386.55,235.56396,259.4134150000008,30623.3148,3100.4291500001004,95.87008306462262,3004.559066935478,2026-05
2026-05-13 11:40:00,2026-05-13 14:40:00,BANKNIFTY,long,SL,2,60,53905.75,53690.127,433.4022299999999,321.8173275000002,26004.133799999996,-6695.094149999983,78.83212483817229,-6773.926274838155,2026-05
2026-05-13 11:45:00,2026-05-13 15:00:00,NIFTY,long,SL,2,130,23499.0,23405.004,236.16494999999998,187.0520400000004,30701.443499999998,-6384.678299999944,86.12593968024586,-6470.80423968019,2026-05
2026-05-14 10:50:00,2026-05-14 11:10:00,BANKNIFTY,short,SL,2,60,53274.45,53487.5478,428.326578,318.0484664999984,25699.59468,-6616.686690000093,78.46167529595569,-6695.148365296049,2026-05
2026-05-14 11:30:00,2026-05-14 11:35:00,BANKNIFTY,long,SL,2,60,53694.55,53976.8821,431.704182,567.8688377499999,25902.25092,8169.879344999994,94.13356907336778,8075.745775926626,2026-05
2026-05-14 11:30:00,2026-05-14 13:30:00,NIFTY,long,TGT,1,65,23568.5,23757.048,236.86342499999998,328.30920499999945,15396.122624999998,5943.975699999965,76.22785774716226,5867.747842252803,2026-05
2026-05-14 12:00:00,2026-05-14 15:10:00,BANKNIFTY,long,TIME,2,60,54203.95,54130.35,435.79975799999994,394.84744200000074,26147.985479999996,-2457.138959999952,83.45110902368806,-2540.59006902364,2026-05
2026-05-15 11:10:00,2026-05-15 12:55:00,BANKNIFTY,short,SL,2,60,54021.6,54237.6864,434.33366399999994,322.5089519999999,26060.019839999997,-6709.482720000002,78.90010611405661,-6788.382826114059,2026-05
2026-05-15 13:40:00,2026-05-15 15:10:00,NIFTY,short,TIME,1,65,23740.0,23637.15,238.587,287.38087499999926,15508.154999999999,3171.601874999953,73.5121445580662,3098.089730441887,2026-05
2026-05-15 14:35:00,2026-05-15 15:10:00,BANKNIFTY,short,TIME,2,60,53927.65,53712.65,433.57830599999994,536.226594,26014.698359999995,6158.897280000002,92.209964490796,6066.687315509206,2026-05
2026-05-18 11:40:00,2026-05-18 11:45:00,BANKNIFTY,long,SL,2,60,53279.65,53066.5314,428.368386,318.07951049999923,25702.10316,-6617.332530000045,78.46472667821382,-6695.797256678259,2026-05
2026-05-18 13:05:00,2026-05-18 15:10:00,BANKNIFTY,long,TIME,2,60,53532.45,53479.25,430.4008979999999,399.6513020000014,25824.053879999996,-1844.9757599999111,83.60673696188809,-1928.5824969617993,2026-05
2026-05-18 14:30:00,2026-05-18 15:10:00,NIFTY,long,TIME,1,65,23613.5,23626.9,237.31567499999997,241.6208250000007,15425.518874999998,279.83475000004785,70.38341668279004,209.45133331725782,2026-05
2026-05-19 14:15:00,2026-05-19 14:40:00,BANKNIFTY,long,SL,2,60,53602.0,53387.592,430.96008,320.0039399999985,25857.6048,-6657.3684000000885,78.65388303800071,-6736.022283038089,2026-05
2026-05-19 13:40:00,2026-05-19 15:10:00,NIFTY,short,TIME,1,65,23710.35,23609.05,238.28901749999997,286.31473249999965,15488.786137499997,3121.671474999979,73.43149550059996,3048.2399794993794,2026-05
2026-05-20 11:05:00,2026-05-20 12:00:00,BANKNIFTY,long,SL,2,60,53182.9,53250.41805,427.590516,456.92611387499943,25655.430959999998,1760.135872499967,87.10412519802865,1673.0317473019384,2026-05
2026-05-20 13:30:00,2026-05-20 13:55:00,BANKNIFTY,short,SL,2,60,53081.15,53293.4746,426.77244599999995,316.8944655,25606.346759999997,-6592.678829999995,78.34824602855446,-6671.027076028549,2026-05
2026-05-20 14:10:00,2026-05-20 15:10:00,NIFTY,long,TIME,1,65,23661.1,23659.5,237.79405499999996,234.6319450000007,15456.613574999998,-205.53714999995094,69.92500273933504,-275.462152739286,2026-05
2026-05-20 14:25:00,2026-05-20 15:10:00,BANKNIFTY,long,TIME,1,30,53495.85,53568.7,430.10663399999993,462.06984099999926,12903.199019999998,958.8962099999799,67.34602997597948,891.5501800240004,2026-05
2026-05-21 13:05:00,2026-05-21 13:40:00,BANKNIFTY,short,SL,2,60,53218.35,53431.223399999995,427.87553399999996,317.7135495000016,25672.53204,-6609.719069999902,78.42875557582542,-6688.147825575727,2026-05
2026-05-21 14:30:00,2026-05-21 15:10:00,NIFTY,short,TIME,1,65,23653.6,23636.6,237.71867999999998,243.81082,15451.714199999999,395.9891000000019,70.543038722445,325.44606127755685,2026-05
2026-05-22 11:45:00,2026-05-22 14:35:00,NIFTY,long,SL,1,65,23807.7,23712.4692,239.26738499999996,189.50929199999942,15552.380024999997,-3234.276045000035,66.91864960477862,-3301.194694604814,2026-05
2026-05-26 11:40:00,2026-05-26 12:20:00,BANKNIFTY,long,SL,1,30,55405.65,55184.0274,445.46142599999996,330.7717304999988,13363.842779999999,-3440.690865000035,63.45613628917209,-3504.1470012892073,2026-05
2026-05-26 13:05:00,2026-05-26 15:10:00,BANKNIFTY,short,TIME,1,30,55037.75,55094.55,442.50350999999995,409.8424899999986,13275.1053,-979.8306000000412,65.88259174941994,-1045.7131917494612,2026-05
2026-05-27 13:45:00,2026-05-27 15:10:00,BANKNIFTY,short,TIME,1,30,54847.1,54862.4,440.97068399999995,428.9711659999985,13229.120519999999,-359.98554000004333,66.45869722353696,-426.4442372235803,2026-05
2026-05-27 13:45:00,2026-05-27 15:10:00,NIFTY,short,TIME,1,65,23889.95,23919.85,240.0939975,222.8297525000011,15606.1098375,-1122.175924999929,69.19398818630007,-1191.369913186229,2026-05
2026-05-29 11:50:00,2026-05-29 12:05:00,BANKNIFTY,long,SL,1,30,55068.05,54847.7778,442.747122,328.75625850000034,13282.41366,-3419.7259049999893,63.35708372664062,-3483.08298872663,2026-05
2026-05-29 13:05:00,2026-05-29 14:55:00,NIFTY,short,SL,1,65,23818.35,23636.798299999995,239.37441749999996,327.3145532500018,15559.337137499997,5716.108823750118,76.2332038169636,5639.875619933155,2026-05
2026-06-01 13:10:00,2026-06-01 14:40:00,BANKNIFTY,short,SL,1,30,53719.75,53653.17809999999,431.90678999999994,460.7287302500049,12957.203699999998,864.6582075001487,67.32821298572705,797.3299945144216,2026-06
2026-06-01 14:25:00,2026-06-01 15:10:00,NIFTY,short,TIME,1,65,23392.4,23376.85,235.09362,240.49050500000146,15281.085299999999,350.7975250000959,70.24283565335385,280.55468934674207,2026-06
2026-06-02 14:25:00,2026-06-02 14:35:00,NIFTY,long,SL,1,65,23541.1,23446.935599999997,236.58805499999997,187.38715599999927,15378.223574999998,-3198.058435000046,66.69783902733377,-3264.7562740273797,2026-06
2026-06-03 13:25:00,2026-06-03 14:45:00,BANKNIFTY,long,TGT,1,30,53784.5,54214.776,432.42737999999997,642.186929999999,12972.821399999999,6292.786499999973,72.99411463094616,6219.792385369026,2026-06
2026-06-03 13:50:00,2026-06-03 15:10:00,NIFTY,long,TIME,1,65,23393.0,23402.35,235.09964999999997,237.41197499999927,15281.477249999998,150.30112499995482,70.03499450912871,80.26613049082611,2026-06
2026-06-04 12:00:00,2026-06-04 13:10:00,BANKNIFTY,long,SL,1,30,54224.0,54007.104,435.96096,323.71727999999973,13078.8288,-3367.310400000008,63.10943765020479,-3430.4198376502127,2026-06
2026-06-04 13:15:00,2026-06-04 14:05:00,NIFTY,short,SL,1,65,23333.65,23426.9846,234.5031825,185.73585400000087,15242.706862500001,-3169.876352499944,66.52601924379698,-3236.402371743741,2026-06
2026-06-04 14:05:00,2026-06-04 14:45:00,BANKNIFTY,long,SL,1,30,54211.7,54297.617,435.86206799999997,474.26883950000064,13075.862039999998,1152.2031450000202,67.80322277011317,1084.3999222299071,2026-06
2026-06-05 09:55:00,2026-06-05 10:30:00,BANKNIFTY,long,SL,1,30,54576.2,54357.8952,438.79264799999993,325.81991400000095,13163.779439999998,-3389.1820199999693,63.21277388398327,-3452.3947938839524,2026-06
2026-06-05 11:05:00,2026-06-05 12:35:00,BANKNIFTY,long,SL,1,30,54663.4,54444.7464,439.49373599999996,326.3404980000011,13184.812079999998,-3394.5971399999653,63.238358550608716,-3457.835498550574,2026-06
2026-06-05 13:25:00,2026-06-05 14:40:00,BANKNIFTY,short,SL,1,30,54328.9,54546.2156,436.804356,324.3435329999992,13104.13068,-3373.824690000024,63.14021553471176,-3436.964905534736,2026-06
2026-06-05 13:10:00,2026-06-05 15:10:00,NIFTY,short,TIME,1,65,23348.4,23372.75,234.65141999999997,220.20245500000073,15252.342299999998,-939.1827249999511,68.8592007576263,-1008.0419257575775,2026-06
2026-06-08 13:45:00,2026-06-08 15:10:00,BANKNIFTY,short,TIME,1,30,54154.6,54096.1,435.40298399999995,460.174366,13062.089519999998,743.1414600000022,67.357549884247,675.7839101157552,2026-06
2026-06-09 11:25:00,2026-06-09 12:15:00,NIFTY,short,SL,1,65,23112.8,23205.2512,232.28363999999996,183.97788800000023,15098.436599999997,-3139.8738799999824,66.34310095411689,-3206.216980954099,2026-06
2026-06-09 11:50:00,2026-06-09 14:30:00,BANKNIFTY,long,TGT,1,30,54717.65,55155.391200000005,439.929906,653.3287410000021,13197.89718,6401.965050000062,73.44163720841502,6328.5234127916465,2026-06
2026-06-10 13:05:00,2026-06-10 14:05:00,NIFTY,long,SL,1,65,23417.35,23323.6806,235.34436749999998,186.40210600000054,15297.383887499998,-3181.246997499963,66.59534349485521,-3247.842340994818,2026-06
2026-06-10 13:30:00,2026-06-10 14:30:00,BANKNIFTY,long,SL,1,30,55511.95,55289.9022,446.31607799999995,331.4063414999998,13389.482339999999,-3447.2920950000034,63.487324936675385,-3510.779419936679,2026-06
2026-06-11 11:45:00,2026-06-11 14:55:00,NIFTY,long,SL,1,65,23253.7,23160.6852,233.699685,185.0994519999996,15190.479524999999,-3159.015145000026,66.45980091796524,-3225.4749459179916,2026-06
2026-06-11 14:30:00,2026-06-11 14:55:00,BANKNIFTY,long,SL,1,30,55374.25,55152.753,445.20896999999997,330.5842724999985,13356.2691,-3438.7409250000433,63.4469234619698,-3502.187848462013,2026-06
2026-06-12 13:30:00,2026-06-12 14:10:00,BANKNIFTY,long,TGT,1,30,56083.5,56532.168,450.91133999999994,669.636989999999,13527.340199999999,6561.76949999997,74.09667521134656,6487.672824788624,2026-06
2026-06-16 10:05:00,2026-06-16 15:10:00,BANKNIFTY,short,TIME,1,30,57144.25,57295.2,459.43976999999995,379.77060500000147,13783.193099999999,-2390.0749499999547,65.17063164445754,-2455.245581644412,2026-06
2026-06-17 10:20:00,2026-06-17 15:10:00,BANKNIFTY,long,TIME,1,30,57457.25,57601.8,461.95628999999997,529.2733350000015,13858.688699999999,2019.5113500000446,69.86658713334255,1949.644762866702,2026-06
2026-06-19 14:05:00,2026-06-19 15:10:00,BANKNIFTY,long,TIME,1,30,57695.6,57693.3,463.8726239999999,458.11272600000217,13916.178719999998,-172.79693999993242,67.67292722640707,-240.4698672263395,2026-06
2026-06-19 14:15:00,2026-06-19 15:10:00,NIFTY,long,TIME,1,65,23992.5,24028.0,241.12462499999998,256.38662500000004,15673.100625,992.0300000000037,71.49119601236251,920.5388039876412,2026-06
2026-06-23 11:45:00,2026-06-23 13:25:00,BANKNIFTY,short,TGT,1,30,57760.95,57298.8624,464.398038,689.6657429999996,13931.941139999999,6758.031149999987,74.90115117724162,6683.129998822746,2026-06
2026-06-23 11:50:00,2026-06-23 14:40:00,NIFTY,short,SL,1,65,24022.55,23934.23795,241.4266275,282.9596173750002,15692.7307875,2699.6443418750146,73.29545167563025,2626.348890199384,2026-06
2026-06-24 11:45:00,2026-06-24 15:10:00,BANKNIFTY,long,TIME,1,30,58034.75,58129.9,466.59938999999997,509.29373500000077,13997.981699999998,1280.8303500000238,69.30542340261252,1211.5249265974112,2026-06
2026-06-24 13:35:00,2026-06-24 15:10:00,NIFTY,long,TIME,1,65,24072.85,24010.5,241.93214249999997,208.50573250000073,15725.589262499998,-2172.7166499999503,68.2792309755788,-2240.995880975529,2026-06
2026-06-25 12:00:00,2026-06-25 14:05:00,NIFTY,long,SL,1,65,24238.75,24141.795,243.5994375,192.94044999999915,15833.963437499999,-3292.834187500055,67.27566535649507,-3360.1098528565503,2026-06
2026-06-25 13:55:00,2026-06-25 15:10:00,BANKNIFTY,short,TIME,1,30,58482.45,58208.0,470.19889799999993,602.0591769999985,14105.966939999998,3955.808369999957,72.24641144281145,3883.5619585571458,2026-06
2026-06-25 14:20:00,2026-06-25 15:10:00,NIFTY,short,TIME,1,65,24118.75,24058.3,242.39343749999998,270.0554375000004,15755.5734375,1798.0300000000263,72.45145567826377,1725.5785443217626,2026-06
